Timestamp,Crop_Type,Temperature_C,Humidity_Percent,Growth_Rate_cm_month,Soil_Moisture_Percent,Sprinkler_Active
2026-06-22 23:09:48.360262,Cucumber,24.2,61.7,7.29,74.9,0
2026-06-22 23:24:48.360262,Cucumber,24.0,61.0,7.85,74.8,0
2026-06-22 23:39:48.360262,Lettuce,24.4,59.8,7.51,74.7,0
2026-06-22 23:54:48.360262,Lettuce,25.0,58.8,7.71,74.7,0
2026-06-23 00:09:48.360262,Tomato,24.1,60.3,7.6,74.5,0
2026-06-23 00:24:48.360262,Lettuce,24.2,59.8,7.55,74.3,0
2026-06-23 00:39:48.360262,Lettuce,25.2,60.3,7.69,74.2,0
2026-06-23 00:54:48.360262,Lettuce,24.8,59.9,7.56,74.0,0
2026-06-23 01:09:48.360262,Cucumber,24.3,60.3,7.14,73.9,0
2026-06-23 01:24:48.360262,Lettuce,24.8,58.2,7.83,73.8,0
2026-06-23 01:39:48.360262,Cucumber,24.4,60.3,7.75,73.8,0
2026-06-23 01:54:48.360262,Tomato,24.5,58.9,6.87,73.6,0
2026-06-23 02:09:48.360262,Tomato,24.9,61.0,7.3,73.5,0
2026-06-23 02:24:48.360262,Cucumber,23.9,57.5,7.81,73.3,0
2026-06-23 02:39:48.360262,Cucumber,24.0,60.3,6.95,73.2,0
2026-06-23 02:54:48.360262,Cucumber,24.7,58.4,7.78,73.2,0
2026-06-23 03:09:48.360262,Lettuce,24.5,57.2,7.46,73.1,0
2026-06-23 03:24:48.360262,Tomato,25.2,57.3,7.9,73.0,0
2026-06-23 03:39:48.360262,Cucumber,24.7,57.4,7.5,72.9,0
2026-06-23 03:54:48.360262,Lettuce,24.5,58.1,7.28,72.8,0
2026-06-23 04:09:48.360262,Tomato,26.0,58.1,7.59,72.6,0
2026-06-23 04:24:48.360262,Lettuce,25.2,56.7,7.49,72.4,0
2026-06-23 04:39:48.360262,Tomato,25.4,57.2,7.26,72.3,0
2026-06-23 04:54:48.360262,Lettuce,24.7,59.7,8.17,72.2,0
2026-06-23 05:09:48.360262,Tomato,25.2,59.1,7.21,72.1,0
2026-06-23 05:24:48.360262,Tomato,25.6,57.4,6.83,71.9,0
2026-06-23 05:39:48.360262,Lettuce,25.0,56.8,7.97,71.8,0
2026-06-23 05:54:48.360262,Cucumber,25.9,56.8,7.32,71.7,0
2026-06-23 06:09:48.360262,Tomato,25.4,57.3,7.41,71.5,0
2026-06-23 06:24:48.360262,Cucumber,25.6,55.2,7.39,71.4,0
2026-06-23 06:39:48.360262,Lettuce,25.5,56.0,7.33,71.3,0
2026-06-23 06:54:48.360262,Cucumber,26.8,54.2,4.77,71.1,0
2026-06-23 07:09:48.360262,Cucumber,26.0,56.6,7.2,71.0,0
2026-06-23 07:24:48.360262,Cucumber,25.5,56.7,7.52,70.9,0
2026-06-23 07:39:48.360262,Cucumber,26.5,55.3,4.88,70.7,0
2026-06-23 07:54:48.360262,Cucumber,25.5,57.6,7.72,70.6,0
2026-06-23 08:09:48.360262,Tomato,26.3,54.2,5.14,70.5,0
2026-06-23 08:24:48.360262,Tomato,25.3,53.8,7.22,70.3,0
2026-06-23 08:39:48.360262,Tomato,25.6,55.7,7.53,70.3,0
2026-06-23 08:54:48.360262,Lettuce,26.5,56.5,4.87,70.1,0
2026-06-23 09:09:48.360262,Cucumber,26.8,57.2,4.7,70.0,0
2026-06-23 09:24:48.360262,Tomato,26.6,54.5,5.21,69.9,0
2026-06-23 09:39:48.360262,Lettuce,26.5,56.3,4.96,69.7,0
2026-06-23 09:54:48.360262,Tomato,26.4,54.8,4.88,69.5,0
2026-06-23 10:09:48.360262,Tomato,25.9,54.5,7.24,69.4,0
2026-06-23 10:24:48.360262,Cucumber,26.3,55.7,4.69,69.3,0
2026-06-23 10:39:48.360262,Lettuce,26.5,55.3,5.6,69.2,0
2026-06-23 10:54:48.360262,Cucumber,27.3,52.5,5.1,69.0,0
2026-06-23 11:09:48.360262,Cucumber,27.0,56.1,4.67,68.9,0
2026-06-23 11:24:48.360262,Tomato,26.0,55.9,5.09,68.8,0
2026-06-23 11:39:48.360262,Cucumber,27.1,53.4,5.32,68.7,0
2026-06-23 11:54:48.360262,Lettuce,26.8,54.5,5.05,68.7,0
2026-06-23 12:09:48.360262,Cucumber,26.7,54.5,5.41,68.5,0
2026-06-23 12:24:48.360262,Cucumber,27.4,54.1,4.54,68.5,0
2026-06-23 12:39:48.360262,Cucumber,27.7,53.1,4.4,68.3,0
2026-06-23 12:54:48.360262,Tomato,27.7,52.8,5.08,68.2,0
2026-06-23 13:09:48.360262,Lettuce,26.8,53.5,5.08,68.1,0
2026-06-23 13:24:48.360262,Tomato,27.1,54.8,4.0,68.0,0
2026-06-23 13:39:48.360262,Tomato,27.5,54.0,4.81,68.0,0
2026-06-23 13:54:48.360262,Tomato,27.9,52.8,4.7,67.9,0
2026-06-23 14:09:48.360262,Tomato,27.2,54.1,4.58,67.7,0
2026-06-23 14:24:48.360262,Tomato,27.4,49.6,4.7,67.7,0
2026-06-23 14:39:48.360262,Lettuce,27.0,54.3,5.18,67.5,0
2026-06-23 14:54:48.360262,Cucumber,27.0,50.8,4.69,67.4,0
2026-06-23 15:09:48.360262,Tomato,28.0,52.4,4.71,67.3,0
2026-06-23 15:24:48.360262,Tomato,28.3,51.4,4.51,67.2,0
2026-06-23 15:39:48.360262,Lettuce,27.7,51.1,5.38,67.1,0
2026-06-23 15:54:48.360262,Lettuce,28.2,53.9,5.13,67.0,0
2026-06-23 16:09:48.360262,Cucumber,28.0,51.9,4.25,66.9,0
2026-06-23 16:24:48.360262,Lettuce,27.5,52.8,4.71,66.8,0
2026-06-23 16:39:48.360262,Cucumber,28.0,52.2,5.16,66.6,0
2026-06-23 16:54:48.360262,Tomato,28.7,52.8,5.38,66.6,0
2026-06-23 17:09:48.360262,Tomato,27.9,52.2,5.25,66.4,0
2026-06-23 17:24:48.360262,Cucumber,28.8,50.5,4.89,66.2,0
2026-06-23 17:39:48.360262,Lettuce,26.7,53.2,4.42,66.1,0
2026-06-23 17:54:48.360262,Cucumber,28.5,51.3,5.26,65.9,0
2026-06-23 18:09:48.360262,Lettuce,28.1,50.0,4.91,65.8,0
2026-06-23 18:24:48.360262,Tomato,28.0,51.2,5.02,65.6,0
2026-06-23 18:39:48.360262,Lettuce,28.2,53.5,4.95,65.5,0
2026-06-23 18:54:48.360262,Cucumber,27.2,52.6,4.59,65.4,0
2026-06-23 19:09:48.360262,Cucumber,28.1,51.1,5.11,65.3,0
2026-06-23 19:24:48.360262,Tomato,28.4,51.1,5.07,65.1,0
2026-06-23 19:39:48.360262,Lettuce,29.0,51.0,4.87,65.0,0
2026-06-23 19:54:48.360262,Lettuce,28.1,53.8,5.14,64.8,0
2026-06-23 20:09:48.360262,Lettuce,27.9,51.8,4.59,64.8,0
2026-06-23 20:24:48.360262,Tomato,28.1,51.7,4.92,64.7,0
2026-06-23 20:39:48.360262,Lettuce,28.9,52.4,5.01,64.6,0
2026-06-23 20:54:48.360262,Cucumber,28.6,51.4,4.48,64.4,0
2026-06-23 21:09:48.360262,Lettuce,28.2,50.7,4.98,64.2,0
2026-06-23 21:24:48.360262,Tomato,28.8,50.8,5.22,64.1,0
2026-06-23 21:39:48.360262,Lettuce,28.6,50.9,4.91,63.9,0
2026-06-23 21:54:48.360262,Lettuce,29.0,50.8,4.99,63.7,0
2026-06-23 22:09:48.360262,Cucumber,28.2,51.7,5.17,63.6,0
2026-06-23 22:24:48.360262,Lettuce,28.4,50.9,4.88,63.5,0
2026-06-23 22:39:48.360262,Cucumber,28.4,51.6,4.91,63.4,0
2026-06-23 22:54:48.360262,Cucumber,27.9,50.6,4.65,63.2,0
2026-06-23 23:09:48.360262,Tomato,28.8,50.7,5.0,63.2,0
2026-06-23 23:24:48.360262,Cucumber,28.8,48.2,4.9,63.1,0
2026-06-23 23:39:48.360262,Cucumber,28.7,51.7,5.15,62.9,0
2026-06-23 23:54:48.360262,Tomato,28.6,50.9,5.17,62.8,0
2026-06-24 00:09:48.360262,Cucumber,28.0,51.7,5.24,62.6,0
2026-06-24 00:24:48.360262,Tomato,28.6,47.0,4.85,62.5,0
2026-06-24 00:39:48.360262,Lettuce,28.6,52.9,4.35,62.4,0
2026-06-24 00:54:48.360262,Tomato,28.4,50.2,5.22,62.3,0
2026-06-24 01:09:48.360262,Cucumber,28.7,51.7,5.13,62.2,0
2026-06-24 01:24:48.360262,Tomato,29.0,49.1,4.81,62.2,0
2026-06-24 01:39:48.360262,Cucumber,29.8,51.0,5.17,62.0,0
2026-06-24 01:54:48.360262,Lettuce,29.0,49.0,4.57,61.9,0
2026-06-24 02:09:48.360262,Tomato,29.0,49.5,5.31,61.7,0
2026-06-24 02:24:48.360262,Lettuce,28.9,52.5,4.9,61.5,0
2026-06-24 02:39:48.360262,Cucumber,28.0,49.9,4.75,61.5,0
2026-06-24 02:54:48.360262,Cucumber,28.9,50.4,4.81,61.3,0
2026-06-24 03:09:48.360262,Lettuce,29.0,51.2,4.93,61.2,0
2026-06-24 03:24:48.360262,Tomato,30.2,50.7,5.0,61.0,0
2026-06-24 03:39:48.360262,Tomato,28.9,50.3,5.01,60.9,0
2026-06-24 03:54:48.360262,Cucumber,29.1,50.5,4.87,60.8,0
2026-06-24 04:09:48.360262,Lettuce,29.0,52.9,5.06,60.6,0
2026-06-24 04:24:48.360262,Lettuce,28.4,50.0,5.0,60.5,0
2026-06-24 04:39:48.360262,Tomato,29.6,50.3,4.81,60.5,0
2026-06-24 04:54:48.360262,Tomato,29.4,51.3,4.76,60.3,0
2026-06-24 05:09:48.360262,Tomato,29.4,51.3,5.18,60.2,0
2026-06-24 05:24:48.360262,Lettuce,28.5,51.4,5.16,60.1,0
2026-06-24 05:39:48.360262,Tomato,29.7,50.8,5.02,59.9,0
2026-06-24 05:54:48.360262,Tomato,28.3,48.6,5.28,59.8,0
2026-06-24 06:09:48.360262,Cucumber,29.3,52.0,4.41,59.6,0
2026-06-24 06:24:48.360262,Tomato,30.1,48.6,4.83,59.6,0
2026-06-24 06:39:48.360262,Tomato,28.5,50.4,4.65,59.4,0
2026-06-24 06:54:48.360262,Lettuce,28.7,49.1,5.68,59.3,0
2026-06-24 07:09:48.360262,Lettuce,29.0,49.9,5.21,59.2,0
2026-06-24 07:24:48.360262,Cucumber,28.7,50.4,4.98,59.1,0
2026-06-24 07:39:48.360262,Tomato,28.2,50.4,5.24,59.1,0
2026-06-24 07:54:48.360262,Cucumber,29.0,50.5,5.33,58.9,0
2026-06-24 08:09:48.360262,Lettuce,28.4,52.0,5.33,58.8,0
2026-06-24 08:24:48.360262,Cucumber,29.2,50.6,5.28,58.7,0
2026-06-24 08:39:48.360262,Lettuce,28.5,49.8,4.92,58.6,0
2026-06-24 08:54:48.360262,Cucumber,29.7,51.2,4.85,58.5,0
2026-06-24 09:09:48.360262,Cucumber,28.6,51.5,4.71,58.4,0
2026-06-24 09:24:48.360262,Tomato,28.8,48.6,5.15,58.4,0
2026-06-24 09:39:48.360262,Cucumber,29.3,50.9,4.95,58.3,0
2026-06-24 09:54:48.360262,Tomato,28.3,51.0,4.87,58.2,0
2026-06-24 10:09:48.360262,Tomato,29.0,49.8,4.86,58.1,0
2026-06-24 10:24:48.360262,Tomato,29.6,51.9,5.44,57.9,0
2026-06-24 10:39:48.360262,Tomato,28.1,50.1,5.29,57.8,0
2026-06-24 10:54:48.360262,Cucumber,29.0,50.4,5.55,57.7,0
2026-06-24 11:09:48.360262,Lettuce,29.0,50.1,5.16,57.6,0
2026-06-24 11:24:48.360262,Lettuce,29.2,50.3,5.02,57.5,0
2026-06-24 11:39:48.360262,Lettuce,28.2,49.0,4.99,57.3,0
2026-06-24 11:54:48.360262,Cucumber,28.1,48.7,4.69,57.2,0
2026-06-24 12:09:48.360262,Tomato,29.1,52.3,4.62,57.0,0
2026-06-24 12:24:48.360262,Lettuce,28.9,49.4,5.15,56.9,0
2026-06-24 12:39:48.360262,Cucumber,28.9,49.3,4.72,56.8,0
2026-06-24 12:54:48.360262,Tomato,28.9,48.0,5.06,56.6,0
2026-06-24 13:09:48.360262,Lettuce,28.4,49.8,5.33,56.5,0
2026-06-24 13:24:48.360262,Tomato,28.8,49.0,4.8,56.3,0
2026-06-24 13:39:48.360262,Lettuce,28.8,52.6,5.6,56.2,0
2026-06-24 13:54:48.360262,Lettuce,28.3,51.9,4.7,56.2,0
2026-06-24 14:09:48.360262,Lettuce,29.6,49.9,5.3,56.0,0
2026-06-24 14:24:48.360262,Tomato,28.8,53.5,5.13,55.8,0
2026-06-24 14:39:48.360262,Cucumber,28.0,52.0,5.36,55.7,0
2026-06-24 14:54:48.360262,Tomato,28.9,50.5,4.67,55.7,0
2026-06-24 15:09:48.360262,Lettuce,28.0,48.0,5.69,55.6,0
2026-06-24 15:24:48.360262,Tomato,28.9,53.8,4.95,55.5,0
2026-06-24 15:39:48.360262,Cucumber,29.0,49.4,5.2,55.3,0
2026-06-24 15:54:48.360262,Tomato,28.0,49.2,5.43,55.2,0
2026-06-24 16:09:48.360262,Cucumber,28.9,52.4,4.82,55.1,0
2026-06-24 16:24:48.360262,Cucumber,28.6,54.2,5.25,55.0,0
2026-06-24 16:39:48.360262,Tomato,28.8,53.0,4.77,55.0,0
2026-06-24 16:54:48.360262,Lettuce,29.3,52.0,5.42,54.9,0
2026-06-24 17:09:48.360262,Cucumber,28.2,52.1,4.77,54.7,0
2026-06-24 17:24:48.360262,Tomato,27.9,52.5,5.01,54.5,0
2026-06-24 17:39:48.360262,Cucumber,27.8,52.5,5.09,54.3,0
2026-06-24 17:54:48.360262,Lettuce,27.8,52.0,5.24,54.3,0
2026-06-24 18:09:48.360262,Tomato,28.1,51.8,5.59,54.1,0
2026-06-24 18:24:48.360262,Tomato,28.3,51.7,4.86,53.9,0
2026-06-24 18:39:48.360262,Tomato,28.2,50.9,5.34,53.8,0
2026-06-24 18:54:48.360262,Lettuce,28.5,51.6,5.59,53.7,0
2026-06-24 19:09:48.360262,Cucumber,28.0,50.0,5.05,53.5,0
2026-06-24 19:24:48.360262,Tomato,28.7,52.0,4.83,53.4,0
2026-06-24 19:39:48.360262,Cucumber,27.8,51.0,4.48,53.4,0
2026-06-24 19:54:48.360262,Cucumber,29.2,50.9,5.56,53.3,0
2026-06-24 20:09:48.360262,Lettuce,28.2,52.5,4.93,53.2,0
2026-06-24 20:24:48.360262,Tomato,27.4,54.1,4.7,53.1,0
2026-06-24 20:39:48.360262,Cucumber,27.2,53.6,4.59,52.9,0
2026-06-24 20:54:48.360262,Tomato,28.0,50.7,4.7,52.8,0
2026-06-24 21:09:48.360262,Tomato,27.6,51.5,5.28,52.8,0
2026-06-24 21:24:48.360262,Lettuce,28.0,53.9,5.32,52.6,0
2026-06-24 21:39:48.360262,Tomato,27.8,51.6,5.2,52.4,0
2026-06-24 21:54:48.360262,Tomato,27.5,52.6,5.04,52.2,0
2026-06-24 22:09:48.360262,Cucumber,27.1,53.7,4.63,52.0,0
2026-06-24 22:24:48.360262,Lettuce,26.7,51.9,4.78,51.9,0
2026-06-24 22:39:48.360262,Tomato,27.2,53.3,4.67,51.7,0
2026-06-24 22:54:48.360262,Cucumber,27.8,51.7,5.17,51.6,0
2026-06-24 23:09:48.360262,Lettuce,27.4,52.6,4.68,51.5,0
2026-06-24 23:24:48.360262,Lettuce,26.7,53.8,4.79,51.4,0
2026-06-24 23:39:48.360262,Cucumber,27.3,51.6,4.94,51.3,0
2026-06-24 23:54:48.360262,Cucumber,27.4,54.2,4.5,51.3,0
2026-06-25 00:09:48.360262,Cucumber,26.7,53.7,5.01,51.1,0
2026-06-25 00:24:48.360262,Cucumber,27.2,54.5,4.97,51.0,0
2026-06-25 00:39:48.360262,Cucumber,27.1,54.2,5.36,50.8,0
2026-06-25 00:54:48.360262,Tomato,26.4,55.7,4.75,50.8,0
2026-06-25 01:09:48.360262,Tomato,27.1,54.3,4.61,50.6,0
2026-06-25 01:24:48.360262,Lettuce,27.2,53.7,4.89,50.4,0
2026-06-25 01:39:48.360262,Tomato,27.4,54.5,4.67,50.3,0
2026-06-25 01:54:48.360262,Tomato,27.3,55.1,5.01,50.2,0
2026-06-25 02:09:48.360262,Tomato,26.0,54.6,4.44,50.1,0
2026-06-25 02:24:48.360262,Cucumber,26.2,54.7,4.82,50.0,0
2026-06-25 02:39:48.360262,Lettuce,26.9,53.9,4.72,49.8,0
2026-06-25 02:54:48.360262,Lettuce,26.8,54.1,5.17,49.7,0
2026-06-25 03:09:48.360262,Lettuce,26.8,53.3,4.76,49.6,0
2026-06-25 03:24:48.360262,Lettuce,28.4,57.2,4.48,49.4,0
2026-06-25 03:39:48.360262,Tomato,26.7,53.7,4.94,49.2,0
2026-06-25 03:54:48.360262,Tomato,26.9,54.5,5.1,49.2,0
2026-06-25 04:09:48.360262,Cucumber,26.8,54.6,4.92,49.1,0
2026-06-25 04:24:48.360262,Lettuce,26.6,56.6,4.82,49.1,0
2026-06-25 04:39:48.360262,Tomato,26.0,55.3,4.8,48.9,0
2026-06-25 04:54:48.360262,Tomato,26.5,57.3,5.03,48.8,0
2026-06-25 05:09:48.360262,Cucumber,25.7,55.1,7.23,48.7,0
2026-06-25 05:24:48.360262,Cucumber,25.9,56.3,7.4,48.5,0
2026-06-25 05:39:48.360262,Cucumber,25.7,55.1,7.73,48.4,0
2026-06-25 05:54:48.360262,Tomato,25.9,58.8,7.11,48.3,0
2026-06-25 06:09:48.360262,Tomato,27.0,54.9,4.99,48.2,0
2026-06-25 06:24:48.360262,Cucumber,24.8,56.8,6.96,48.0,0
2026-06-25 06:39:48.360262,Lettuce,26.1,57.3,5.07,48.0,0
2026-06-25 06:54:48.360262,Cucumber,24.8,57.2,7.21,47.9,0
2026-06-25 07:09:48.360262,Cucumber,25.4,56.6,7.81,47.7,0
2026-06-25 07:24:48.360262,Cucumber,26.1,56.8,4.56,47.6,0
2026-06-25 07:39:48.360262,Cucumber,25.5,57.1,7.63,47.5,0
2026-06-25 07:54:48.360262,Tomato,24.9,57.0,7.87,47.4,0
2026-06-25 08:09:48.360262,Lettuce,25.0,58.5,7.19,47.3,0
2026-06-25 08:24:48.360262,Cucumber,25.6,60.1,7.24,47.2,0
2026-06-25 08:39:48.360262,Lettuce,24.9,56.9,7.22,47.1,0
2026-06-25 08:54:48.360262,Lettuce,25.3,56.0,7.35,47.0,0
2026-06-25 09:09:48.360262,Lettuce,25.1,57.7,7.66,47.0,0
2026-06-25 09:24:48.360262,Cucumber,24.7,61.0,7.33,46.8,0
2026-06-25 09:39:48.360262,Tomato,26.1,57.1,4.66,46.6,0
2026-06-25 09:54:48.360262,Cucumber,25.2,60.1,6.89,46.4,0
2026-06-25 10:09:48.360262,Lettuce,23.8,60.3,7.98,46.2,0
2026-06-25 10:24:48.360262,Lettuce,24.9,57.7,8.0,46.2,0
2026-06-25 10:39:48.360262,Tomato,24.4,59.2,7.67,46.0,0
2026-06-25 10:54:48.360262,Cucumber,25.1,60.6,7.26,45.9,0
2026-06-25 11:09:48.360262,Lettuce,24.2,58.3,7.72,45.7,0
2026-06-25 11:24:48.360262,Tomato,24.5,58.7,7.78,45.5,0
2026-06-25 11:39:48.360262,Lettuce,24.7,58.3,7.42,45.3,0
2026-06-25 11:54:48.360262,Tomato,24.9,57.9,7.51,45.1,0
2026-06-25 12:09:48.360262,Tomato,23.8,58.5,7.87,45.0,0
2026-06-25 12:24:48.360262,Cucumber,24.1,57.9,7.01,80.0,1
2026-06-25 12:39:48.360262,Lettuce,24.0,59.6,7.8,79.9,1
2026-06-25 12:54:48.360262,Cucumber,23.8,58.7,7.41,79.7,1
2026-06-25 13:09:48.360262,Lettuce,25.0,60.1,7.17,79.7,1
2026-06-25 13:24:48.360262,Cucumber,24.2,58.0,7.19,79.5,1
2026-06-25 13:39:48.360262,Lettuce,23.4,60.4,7.24,79.3,1
2026-06-25 13:54:48.360262,Cucumber,24.4,61.2,7.14,79.3,1
2026-06-25 14:09:48.360262,Tomato,24.9,57.9,8.03,79.1,1
2026-06-25 14:24:48.360262,Lettuce,24.3,60.9,7.65,78.9,1
2026-06-25 14:39:48.360262,Lettuce,23.0,62.0,7.82,78.7,1
2026-06-25 14:54:48.360262,Tomato,23.4,59.2,7.67,78.5,1
2026-06-25 15:09:48.360262,Cucumber,24.2,62.8,7.52,78.4,1
2026-06-25 15:24:48.360262,Lettuce,23.2,61.4,7.52,78.2,1
2026-06-25 15:39:48.360262,Lettuce,23.7,60.2,7.38,78.0,1
2026-06-25 15:54:48.360262,Cucumber,23.8,61.1,7.41,78.0,0
2026-06-25 16:09:48.360262,Tomato,22.9,62.0,7.08,77.8,0
2026-06-25 16:24:48.360262,Cucumber,23.3,61.5,7.82,77.7,0
2026-06-25 16:39:48.360262,Cucumber,21.6,62.2,4.46,77.6,0
2026-06-25 16:54:48.360262,Cucumber,22.7,60.6,7.18,77.4,0
2026-06-25 17:09:48.360262,Lettuce,23.0,62.0,8.1,77.3,0
2026-06-25 17:24:48.360262,Tomato,22.4,60.2,7.54,77.2,0
2026-06-25 17:39:48.360262,Tomato,23.8,61.9,7.55,77.1,0
2026-06-25 17:54:48.360262,Cucumber,22.2,61.1,7.69,76.9,0
2026-06-25 18:09:48.360262,Lettuce,22.6,61.4,7.04,76.8,0
2026-06-25 18:24:48.360262,Cucumber,22.9,63.9,7.08,76.7,0
2026-06-25 18:39:48.360262,Lettuce,23.5,63.8,7.37,76.7,0
2026-06-25 18:54:48.360262,Lettuce,22.0,63.4,4.73,76.6,0
2026-06-25 19:09:48.360262,Lettuce,23.2,61.5,7.48,76.4,0
2026-06-25 19:24:48.360262,Lettuce,22.6,62.5,7.65,76.3,0
2026-06-25 19:39:48.360262,Tomato,22.0,64.5,7.92,76.2,0
2026-06-25 19:54:48.360262,Lettuce,22.7,63.3,7.74,76.1,0
2026-06-25 20:09:48.360262,Lettuce,22.5,66.0,7.2,76.0,0
2026-06-25 20:24:48.360262,Cucumber,22.0,63.8,7.39,75.8,0
2026-06-25 20:39:48.360262,Cucumber,22.3,63.7,7.31,75.7,0
2026-06-25 20:54:48.360262,Tomato,22.0,63.2,7.2,75.6,0
2026-06-25 21:09:48.360262,Cucumber,22.2,63.9,7.13,75.5,0
2026-06-25 21:24:48.360262,Lettuce,22.4,63.6,8.0,75.4,0
2026-06-25 21:39:48.360262,Cucumber,22.8,64.8,7.5,75.3,0
2026-06-25 21:54:48.360262,Tomato,21.4,65.2,4.93,75.2,0
2026-06-25 22:09:48.360262,Cucumber,23.0,63.2,7.65,75.1,0
2026-06-25 22:24:48.360262,Cucumber,20.9,62.7,5.16,75.0,0
2026-06-25 22:39:48.360262,Tomato,21.7,62.2,5.34,74.9,0
2026-06-25 22:54:48.360262,Tomato,22.0,65.1,7.28,74.7,0
2026-06-25 23:09:48.360262,Lettuce,21.8,63.3,5.12,74.5,0
2026-06-25 23:24:48.360262,Cucumber,21.3,62.2,4.73,74.4,0
2026-06-25 23:39:48.360262,Lettuce,21.5,65.3,4.94,74.3,0
2026-06-25 23:54:48.360262,Cucumber,21.3,68.0,5.02,74.2,0
2026-06-26 00:09:48.360262,Cucumber,21.2,65.1,5.05,74.1,0
2026-06-26 00:24:48.360262,Lettuce,21.8,66.2,5.03,73.9,0
2026-06-26 00:39:48.360262,Cucumber,21.5,65.4,5.24,73.7,0
2026-06-26 00:54:48.360262,Cucumber,21.0,65.3,4.82,73.5,0
2026-06-26 01:09:48.360262,Cucumber,21.7,66.6,5.05,73.4,0
2026-06-26 01:24:48.360262,Tomato,21.4,65.3,4.77,73.3,0
2026-06-26 01:39:48.360262,Lettuce,21.6,66.0,5.88,73.1,0
2026-06-26 01:54:48.360262,Tomato,21.4,66.2,4.73,73.0,0
2026-06-26 02:09:48.360262,Lettuce,20.6,65.1,4.79,72.9,0
2026-06-26 02:24:48.360262,Lettuce,20.7,67.2,5.26,72.8,0
2026-06-26 02:39:48.360262,Cucumber,21.3,65.9,4.87,72.6,0
2026-06-26 02:54:48.360262,Lettuce,21.2,65.3,5.26,72.5,0
2026-06-26 03:09:48.360262,Tomato,20.8,67.0,5.05,72.5,0
2026-06-26 03:24:48.360262,Tomato,20.9,65.3,4.88,72.3,0
2026-06-26 03:39:48.360262,Tomato,21.4,66.5,4.77,72.2,0
2026-06-26 03:54:48.360262,Lettuce,20.4,66.6,4.76,72.1,0
2026-06-26 04:09:48.360262,Tomato,20.9,68.0,4.88,72.0,0
2026-06-26 04:24:48.360262,Lettuce,20.5,67.4,4.95,71.9,0
2026-06-26 04:39:48.360262,Tomato,20.5,66.8,4.75,71.9,0
2026-06-26 04:54:48.360262,Tomato,21.1,67.9,4.97,71.8,0
2026-06-26 05:09:48.360262,Lettuce,20.9,68.7,4.67,71.6,0
2026-06-26 05:24:48.360262,Tomato,20.8,67.8,5.23,71.5,0
2026-06-26 05:39:48.360262,Cucumber,21.0,67.2,5.28,71.4,0
2026-06-26 05:54:48.360262,Lettuce,20.4,65.7,4.79,71.2,0
2026-06-26 06:09:48.360262,Lettuce,20.6,66.1,4.77,71.1,0
2026-06-26 06:24:48.360262,Lettuce,20.1,67.1,5.05,71.0,0
2026-06-26 06:39:48.360262,Cucumber,20.4,66.8,5.38,70.8,0
2026-06-26 06:54:48.360262,Lettuce,20.1,67.4,5.45,70.7,0
2026-06-26 07:09:48.360262,Tomato,20.2,67.8,4.58,70.6,0
2026-06-26 07:24:48.360262,Tomato,20.4,68.4,5.3,70.5,0
2026-06-26 07:39:48.360262,Tomato,19.6,67.8,4.98,70.3,0
2026-06-26 07:54:48.360262,Lettuce,21.1,68.5,4.99,70.1,0
2026-06-26 08:09:48.360262,Tomato,19.5,68.1,5.15,69.9,0
2026-06-26 08:24:48.360262,Lettuce,19.3,65.7,4.86,69.8,0
2026-06-26 08:39:48.360262,Tomato,20.5,67.1,5.33,69.6,0
2026-06-26 08:54:48.360262,Cucumber,20.3,68.1,5.43,69.5,0
2026-06-26 09:09:48.360262,Cucumber,20.1,66.9,5.44,69.4,0
2026-06-26 09:24:48.360262,Cucumber,20.1,69.1,4.45,69.3,0
2026-06-26 09:39:48.360262,Cucumber,19.8,70.3,4.93,69.2,0
2026-06-26 09:54:48.360262,Lettuce,19.3,70.0,4.42,69.1,0
2026-06-26 10:09:48.360262,Tomato,19.7,68.3,4.77,69.0,0
2026-06-26 10:24:48.360262,Cucumber,19.3,70.4,4.28,68.8,0
2026-06-26 10:39:48.360262,Lettuce,20.1,68.9,5.14,68.7,0
2026-06-26 10:54:48.360262,Cucumber,19.5,68.4,5.07,68.7,0
2026-06-26 11:09:48.360262,Cucumber,19.2,68.1,4.87,68.6,0
2026-06-26 11:24:48.360262,Lettuce,19.4,68.5,4.76,68.4,0
2026-06-26 11:39:48.360262,Lettuce,19.7,68.5,5.09,68.3,0
2026-06-26 11:54:48.360262,Tomato,19.2,69.2,4.7,68.2,0
2026-06-26 12:09:48.360262,Tomato,19.1,69.3,4.68,68.0,0
2026-06-26 12:24:48.360262,Cucumber,19.6,69.1,4.64,67.8,0
2026-06-26 12:39:48.360262,Cucumber,19.5,69.7,4.94,67.7,0
2026-06-26 12:54:48.360262,Tomato,19.1,70.6,4.83,67.6,0
2026-06-26 13:09:48.360262,Tomato,19.1,70.4,4.88,67.4,0
2026-06-26 13:24:48.360262,Lettuce,19.5,67.5,5.16,67.3,0
2026-06-26 13:39:48.360262,Tomato,18.6,66.3,5.29,67.2,0
2026-06-26 13:54:48.360262,Tomato,18.6,70.5,5.44,67.0,0
2026-06-26 14:09:48.360262,Cucumber,18.9,67.8,5.02,66.9,0
2026-06-26 14:24:48.360262,Tomato,19.2,69.2,5.1,66.8,0
2026-06-26 14:39:48.360262,Cucumber,19.4,68.1,5.06,66.7,0
2026-06-26 14:54:48.360262,Tomato,20.0,67.4,4.5,66.6,0
2026-06-26 15:09:48.360262,Lettuce,19.6,70.2,4.89,66.6,0
2026-06-26 15:24:48.360262,Tomato,19.1,70.5,4.89,66.4,0
2026-06-26 15:39:48.360262,Tomato,19.2,69.0,4.85,66.3,0
2026-06-26 15:54:48.360262,Tomato,18.7,66.6,4.99,66.2,0
2026-06-26 16:09:48.360262,Cucumber,19.1,69.1,4.93,66.1,0
2026-06-26 16:24:48.360262,Lettuce,19.0,70.2,4.7,66.0,0
2026-06-26 16:39:48.360262,Tomato,19.3,68.0,4.95,65.8,0
2026-06-26 16:54:48.360262,Cucumber,18.7,70.0,4.81,65.8,0
2026-06-26 17:09:48.360262,Lettuce,19.3,69.8,4.21,65.7,0
2026-06-26 17:24:48.360262,Cucumber,19.8,70.5,4.58,65.6,0
2026-06-26 17:39:48.360262,Cucumber,19.0,70.0,5.03,65.5,0
2026-06-26 17:54:48.360262,Lettuce,19.3,68.7,5.33,65.4,0
2026-06-26 18:09:48.360262,Tomato,19.4,71.3,4.27,65.3,0
2026-06-26 18:24:48.360262,Cucumber,18.8,69.7,4.74,65.1,0
2026-06-26 18:39:48.360262,Cucumber,19.1,69.9,5.13,65.0,0
2026-06-26 18:54:48.360262,Tomato,19.0,68.8,5.26,64.8,0
2026-06-26 19:09:48.360262,Tomato,19.1,69.4,4.87,64.7,0
2026-06-26 19:24:48.360262,Lettuce,18.6,68.9,4.8,64.5,0
2026-06-26 19:39:48.360262,Lettuce,19.0,69.8,5.37,64.4,0
2026-06-26 19:54:48.360262,Lettuce,19.3,72.0,5.24,64.3,0
2026-06-26 20:09:48.360262,Tomato,19.7,68.3,5.26,64.2,0
2026-06-26 20:24:48.360262,Cucumber,19.5,68.1,4.86,64.0,0
2026-06-26 20:39:48.360262,Cucumber,20.1,71.8,5.33,63.9,0
2026-06-26 20:54:48.360262,Lettuce,18.6,69.7,4.42,63.8,0
2026-06-26 21:09:48.360262,Tomato,19.4,69.2,5.34,63.7,0
2026-06-26 21:24:48.360262,Cucumber,19.1,71.2,4.98,63.5,0
2026-06-26 21:39:48.360262,Lettuce,20.1,69.3,5.04,63.3,0
2026-06-26 21:54:48.360262,Cucumber,18.6,72.2,4.72,63.1,0
2026-06-26 22:09:48.360262,Cucumber,18.6,70.8,4.46,63.0,0
2026-06-26 22:24:48.360262,Tomato,18.7,69.4,5.03,62.9,0
2026-06-26 22:39:48.360262,Tomato,18.0,72.5,5.17,62.7,0
2026-06-26 22:54:48.360262,Cucumber,18.8,69.2,5.21,62.6,0
2026-06-26 23:09:48.360262,Lettuce,18.7,70.8,5.18,62.5,0
2026-06-26 23:24:48.360262,Tomato,19.1,70.3,5.11,62.4,0
2026-06-26 23:39:48.360262,Cucumber,19.2,71.5,4.72,62.2,0
2026-06-26 23:54:48.360262,Tomato,20.0,71.8,5.23,62.1,0
2026-06-27 00:09:48.360262,Tomato,19.5,69.9,4.69,62.0,0
2026-06-27 00:24:48.360262,Tomato,18.8,68.9,5.33,61.8,0
2026-06-27 00:39:48.360262,Cucumber,18.6,70.4,4.97,61.7,0
2026-06-27 00:54:48.360262,Lettuce,19.4,69.0,4.98,61.6,0
2026-06-27 01:09:48.360262,Lettuce,18.5,72.2,5.26,61.5,0
2026-06-27 01:24:48.360262,Lettuce,20.0,69.9,5.3,61.4,0
2026-06-27 01:39:48.360262,Tomato,19.7,69.3,5.23,61.3,0
2026-06-27 01:54:48.360262,Cucumber,18.9,69.9,4.75,61.1,0
2026-06-27 02:09:48.360262,Tomato,18.3,68.0,5.23,61.0,0
2026-06-27 02:24:48.360262,Lettuce,19.9,68.4,4.76,60.9,0
2026-06-27 02:39:48.360262,Lettuce,19.2,71.0,5.24,60.8,0
2026-06-27 02:54:48.360262,Cucumber,19.9,68.7,4.57,60.6,0
2026-06-27 03:09:48.360262,Tomato,18.5,68.2,4.97,60.5,0
2026-06-27 03:24:48.360262,Lettuce,19.0,70.1,4.75,60.3,0
2026-06-27 03:39:48.360262,Cucumber,19.3,70.8,5.26,60.2,0
2026-06-27 03:54:48.360262,Tomato,19.3,70.2,5.33,60.0,0
2026-06-27 04:09:48.360262,Tomato,19.1,70.5,5.06,59.9,0
2026-06-27 04:24:48.360262,Lettuce,19.7,68.4,5.05,59.7,0
2026-06-27 04:39:48.360262,Lettuce,18.9,67.5,5.21,59.5,0
2026-06-27 04:54:48.360262,Tomato,19.3,71.0,5.34,59.4,0
2026-06-27 05:09:48.360262,Tomato,19.5,68.7,5.01,59.2,0
2026-06-27 05:24:48.360262,Lettuce,19.7,68.8,4.85,59.1,0
2026-06-27 05:39:48.360262,Tomato,19.8,70.6,5.19,59.0,0
2026-06-27 05:54:48.360262,Lettuce,19.0,69.6,4.44,58.8,0
2026-06-27 06:09:48.360262,Tomato,18.8,69.5,5.27,58.7,0
2026-06-27 06:24:48.360262,Lettuce,20.2,71.5,4.79,58.6,0
2026-06-27 06:39:48.360262,Cucumber,19.8,68.0,4.93,58.5,0
2026-06-27 06:54:48.360262,Lettuce,19.3,69.9,5.27,58.3,0
2026-06-27 07:09:48.360262,Lettuce,20.4,68.7,4.88,58.1,0
2026-06-27 07:24:48.360262,Cucumber,19.8,68.9,5.19,58.0,0
2026-06-27 07:39:48.360262,Tomato,20.3,70.4,5.34,57.8,0
2026-06-27 07:54:48.360262,Cucumber,19.8,69.1,5.03,57.7,0
2026-06-27 08:09:48.360262,Lettuce,20.8,69.1,5.09,57.5,0
2026-06-27 08:24:48.360262,Tomato,20.7,69.6,4.96,57.4,0
2026-06-27 08:39:48.360262,Cucumber,19.7,67.8,5.03,57.3,0
2026-06-27 08:54:48.360262,Tomato,20.4,67.2,4.67,57.2,0
2026-06-27 09:09:48.360262,Tomato,20.3,66.9,4.91,57.0,0
2026-06-27 09:24:48.360262,Cucumber,20.7,65.7,4.61,56.9,0
2026-06-27 09:39:48.360262,Tomato,19.5,70.5,4.73,56.7,0
2026-06-27 09:54:48.360262,Cucumber,20.4,66.6,4.4,56.7,0
2026-06-27 10:09:48.360262,Lettuce,20.6,67.6,5.08,56.5,0
2026-06-27 10:24:48.360262,Tomato,19.2,67.4,5.51,56.5,0
2026-06-27 10:39:48.360262,Lettuce,19.6,68.0,4.86,56.3,0
2026-06-27 10:54:48.360262,Lettuce,19.2,68.6,5.29,56.1,0
2026-06-27 11:09:48.360262,Tomato,20.1,68.5,5.34,56.0,0
2026-06-27 11:24:48.360262,Cucumber,20.6,66.7,4.64,55.9,0
2026-06-27 11:39:48.360262,Tomato,21.1,67.1,4.7,55.8,0
2026-06-27 11:54:48.360262,Lettuce,20.4,67.6,5.3,55.6,0
2026-06-27 12:09:48.360262,Lettuce,21.2,66.9,4.97,55.5,0
2026-06-27 12:24:48.360262,Cucumber,19.8,69.0,4.61,55.3,0
2026-06-27 12:39:48.360262,Tomato,19.7,67.6,4.81,55.2,0
2026-06-27 12:54:48.360262,Lettuce,20.5,67.8,5.13,55.1,0
2026-06-27 13:09:48.360262,Lettuce,20.8,67.6,4.76,54.9,0
2026-06-27 13:24:48.360262,Lettuce,20.6,68.1,4.17,54.7,0
2026-06-27 13:39:48.360262,Cucumber,19.7,66.8,4.9,54.7,0
2026-06-27 13:54:48.360262,Lettuce,20.7,65.0,4.93,54.5,0
2026-06-27 14:09:48.360262,Lettuce,20.1,66.9,5.0,54.4,0
2026-06-27 14:24:48.360262,Tomato,21.2,65.5,5.38,54.3,0
2026-06-27 14:39:48.360262,Tomato,21.1,65.6,5.02,54.2,0
2026-06-27 14:54:48.360262,Lettuce,20.5,66.8,5.07,54.0,0
2026-06-27 15:09:48.360262,Lettuce,20.7,67.5,5.32,53.9,0
2026-06-27 15:24:48.360262,Tomato,20.5,66.0,5.0,53.8,0
2026-06-27 15:39:48.360262,Cucumber,21.1,66.2,5.64,53.7,0
2026-06-27 15:54:48.360262,Cucumber,21.6,67.8,4.62,53.6,0
2026-06-27 16:09:48.360262,Cucumber,20.7,65.9,4.72,53.4,0
2026-06-27 16:24:48.360262,Cucumber,21.5,68.6,5.18,53.2,0
2026-06-27 16:39:48.360262,Cucumber,21.0,66.1,5.38,53.1,0
2026-06-27 16:54:48.360262,Cucumber,20.9,63.2,4.94,53.0,0
2026-06-27 17:09:48.360262,Cucumber,21.3,66.1,4.7,52.9,0
2026-06-27 17:24:48.360262,Cucumber,20.9,65.6,5.53,52.7,0
2026-06-27 17:39:48.360262,Tomato,21.2,66.5,4.76,52.5,0
2026-06-27 17:54:48.360262,Cucumber,21.0,65.7,5.1,52.5,0
2026-06-27 18:09:48.360262,Cucumber,22.6,64.6,7.89,52.3,0
2026-06-27 18:24:48.360262,Cucumber,21.7,63.2,4.87,52.2,0
2026-06-27 18:39:48.360262,Lettuce,21.4,64.3,4.81,52.1,0
2026-06-27 18:54:48.360262,Tomato,21.9,63.4,4.83,52.0,0
2026-06-27 19:09:48.360262,Tomato,21.8,63.6,5.27,51.9,0
2026-06-27 19:24:48.360262,Tomato,21.8,64.9,5.32,51.8,0
2026-06-27 19:39:48.360262,Cucumber,22.3,66.1,7.51,51.7,0
2026-06-27 19:54:48.360262,Cucumber,22.4,64.4,8.06,51.6,0
2026-06-27 20:09:48.360262,Lettuce,21.8,62.4,5.01,51.4,0
2026-06-27 20:24:48.360262,Tomato,21.8,64.3,5.39,51.3,0
2026-06-27 20:39:48.360262,Cucumber,22.0,65.1,7.37,51.2,0
2026-06-27 20:54:48.360262,Tomato,21.1,62.8,5.7,51.1,0
2026-06-27 21:09:48.360262,Lettuce,21.5,63.2,5.47,51.0,0
2026-06-27 21:24:48.360262,Lettuce,23.0,63.3,7.46,50.9,0
2026-06-27 21:39:48.360262,Lettuce,23.2,62.2,7.93,50.7,0
2026-06-27 21:54:48.360262,Tomato,22.4,63.8,7.92,50.6,0
2026-06-27 22:09:48.360262,Cucumber,22.8,62.8,7.97,50.6,0
2026-06-27 22:24:48.360262,Cucumber,22.8,63.3,6.76,50.5,0
2026-06-27 22:39:48.360262,Lettuce,24.2,61.6,7.72,50.3,0
2026-06-27 22:54:48.360262,Cucumber,23.3,62.0,7.66,50.1,0
2026-06-27 23:09:48.360262,Lettuce,22.7,63.3,7.64,50.0,0
2026-06-27 23:24:48.360262,Tomato,22.4,61.9,7.57,49.8,0
2026-06-27 23:39:48.360262,Lettuce,22.1,64.3,7.57,49.7,0
2026-06-27 23:54:48.360262,Tomato,23.1,61.6,7.88,49.6,0
2026-06-28 00:09:48.360262,Lettuce,22.7,62.2,7.66,49.5,0
2026-06-28 00:24:48.360262,Cucumber,22.4,62.9,7.57,49.4,0
2026-06-28 00:39:48.360262,Cucumber,22.8,60.0,7.84,49.3,0
2026-06-28 00:54:48.360262,Lettuce,22.7,59.5,7.63,49.2,0
2026-06-28 01:09:48.360262,Cucumber,24.1,59.6,7.65,49.1,0
2026-06-28 01:24:48.360262,Cucumber,23.8,62.8,8.06,48.9,0
2026-06-28 01:39:48.360262,Cucumber,23.4,60.5,7.37,48.8,0
2026-06-28 01:54:48.360262,Tomato,24.2,64.1,7.05,48.7,0
2026-06-28 02:09:48.360262,Cucumber,23.6,60.3,7.52,48.6,0
2026-06-28 02:24:48.360262,Tomato,23.2,61.0,7.56,48.4,0
2026-06-28 02:39:48.360262,Lettuce,24.4,62.5,7.72,48.4,0
2026-06-28 02:54:48.360262,Cucumber,24.0,63.0,7.53,48.3,0
2026-06-28 03:09:48.360262,Cucumber,23.3,62.9,7.73,48.1,0
2026-06-28 03:24:48.360262,Cucumber,23.7,61.8,8.25,48.0,0
2026-06-28 03:39:48.360262,Lettuce,23.5,61.4,7.74,47.8,0
2026-06-28 03:54:48.360262,Tomato,23.3,60.8,7.79,47.7,0
2026-06-28 04:09:48.360262,Tomato,24.5,60.9,7.46,47.6,0
2026-06-28 04:24:48.360262,Cucumber,25.0,59.1,7.08,47.5,0
2026-06-28 04:39:48.360262,Lettuce,23.5,58.7,6.81,47.5,0
2026-06-28 04:54:48.360262,Lettuce,24.5,59.6,7.34,47.3,0
2026-06-28 05:09:48.360262,Lettuce,24.0,59.2,6.73,47.2,0
2026-06-28 05:24:48.360262,Lettuce,24.1,58.8,7.65,47.2,0
2026-06-28 05:39:48.360262,Lettuce,24.1,60.0,7.39,47.0,0
2026-06-28 05:54:48.360262,Tomato,24.0,60.2,7.11,46.8,0
2026-06-28 06:09:48.360262,Tomato,24.6,59.0,7.54,46.7,0
2026-06-28 06:24:48.360262,Tomato,24.2,60.6,7.28,46.6,0
2026-06-28 06:39:48.360262,Cucumber,24.8,57.3,7.64,46.5,0
2026-06-28 06:54:48.360262,Lettuce,24.7,58.3,7.71,46.4,0
2026-06-28 07:09:48.360262,Cucumber,24.7,57.6,7.29,46.3,0
2026-06-28 07:24:48.360262,Lettuce,24.4,56.1,7.43,46.2,0
2026-06-28 07:39:48.360262,Tomato,24.6,58.1,7.56,46.1,0
2026-06-28 07:54:48.360262,Cucumber,25.3,57.9,7.08,45.9,0
2026-06-28 08:09:48.360262,Tomato,25.3,59.8,7.56,45.8,0
2026-06-28 08:24:48.360262,Lettuce,24.6,58.6,7.07,45.7,0
2026-06-28 08:39:48.360262,Lettuce,25.2,56.5,7.67,45.6,0
2026-06-28 08:54:48.360262,Lettuce,25.6,59.8,7.37,45.4,0
2026-06-28 09:09:48.360262,Tomato,24.4,58.9,7.07,45.3,0
2026-06-28 09:24:48.360262,Lettuce,25.6,58.0,7.33,45.2,0
2026-06-28 09:39:48.360262,Tomato,25.1,56.9,7.34,45.0,0
2026-06-28 09:54:48.360262,Cucumber,25.7,55.9,7.82,80.0,1
2026-06-28 10:09:48.360262,Lettuce,25.1,56.5,7.55,79.9,1
2026-06-28 10:24:48.360262,Lettuce,24.7,58.2,7.21,79.8,1
2026-06-28 10:39:48.360262,Lettuce,24.8,59.0,7.99,79.7,1
2026-06-28 10:54:48.360262,Cucumber,25.7,58.5,7.69,79.5,1
2026-06-28 11:09:48.360262,Lettuce,25.9,55.9,7.4,79.3,1
2026-06-28 11:24:48.360262,Tomato,25.4,55.0,7.03,79.2,1
2026-06-28 11:39:48.360262,Tomato,26.2,56.4,4.87,79.2,1
2026-06-28 11:54:48.360262,Lettuce,25.1,54.0,7.43,79.0,1
2026-06-28 12:09:48.360262,Lettuce,26.0,56.4,7.61,78.8,1
2026-06-28 12:24:48.360262,Cucumber,25.4,55.7,7.68,78.6,1
2026-06-28 12:39:48.360262,Cucumber,25.8,55.2,7.74,78.5,1
2026-06-28 12:54:48.360262,Cucumber,26.2,53.8,4.52,78.4,1
2026-06-28 13:09:48.360262,Lettuce,25.8,56.2,7.56,78.3,1
2026-06-28 13:24:48.360262,Cucumber,26.1,54.8,4.95,78.1,1
2026-06-28 13:39:48.360262,Cucumber,26.8,53.9,5.8,78.0,0
2026-06-28 13:54:48.360262,Tomato,26.1,51.8,5.02,77.9,0
2026-06-28 14:09:48.360262,Cucumber,26.9,55.1,4.81,77.8,0
2026-06-28 14:24:48.360262,Tomato,25.9,57.1,7.53,77.7,0
2026-06-28 14:39:48.360262,Tomato,26.8,56.9,5.0,77.6,0
2026-06-28 14:54:48.360262,Cucumber,27.3,54.2,4.4,77.4,0
2026-06-28 15:09:48.360262,Tomato,25.4,54.0,7.62,77.3,0
2026-06-28 15:24:48.360262,Lettuce,26.3,55.1,4.91,77.1,0
2026-06-28 15:39:48.360262,Lettuce,27.0,53.3,4.99,77.0,0
2026-06-28 15:54:48.360262,Cucumber,26.7,54.7,4.74,76.9,0
2026-06-28 16:09:48.360262,Lettuce,27.1,55.2,4.67,76.7,0
2026-06-28 16:24:48.360262,Tomato,26.6,55.6,5.26,76.6,0
2026-06-28 16:39:48.360262,Lettuce,27.0,53.9,5.33,76.6,0
2026-06-28 16:54:48.360262,Cucumber,26.9,53.7,5.13,76.5,0
2026-06-28 17:09:48.360262,Cucumber,27.7,52.8,4.46,76.4,0
2026-06-28 17:24:48.360262,Tomato,27.2,52.8,5.14,76.2,0
2026-06-28 17:39:48.360262,Cucumber,27.3,53.4,4.46,76.0,0
2026-06-28 17:54:48.360262,Lettuce,27.0,54.0,4.8,75.9,0
2026-06-28 18:09:48.360262,Cucumber,27.0,54.6,5.26,75.8,0
2026-06-28 18:24:48.360262,Tomato,27.1,52.4,5.2,75.7,0
2026-06-28 18:39:48.360262,Cucumber,27.6,55.1,5.14,75.6,0
2026-06-28 18:54:48.360262,Lettuce,27.2,52.9,5.39,75.5,0
2026-06-28 19:09:48.360262,Tomato,27.6,53.1,5.17,75.4,0
2026-06-28 19:24:48.360262,Lettuce,28.5,52.1,4.39,75.2,0
2026-06-28 19:39:48.360262,Tomato,28.0,50.0,4.89,75.1,0
2026-06-28 19:54:48.360262,Cucumber,27.4,53.9,4.99,75.0,0
2026-06-28 20:09:48.360262,Tomato,28.2,53.6,4.95,74.8,0
2026-06-28 20:24:48.360262,Tomato,27.5,52.3,4.81,74.8,0
2026-06-28 20:39:48.360262,Cucumber,26.7,52.7,4.69,74.7,0
2026-06-28 20:54:48.360262,Lettuce,27.2,53.1,5.72,74.5,0
2026-06-28 21:09:48.360262,Cucumber,26.9,50.5,4.88,74.4,0
2026-06-28 21:24:48.360262,Tomato,27.7,51.7,5.71,74.3,0
2026-06-28 21:39:48.360262,Cucumber,27.9,53.2,4.66,74.2,0
2026-06-28 21:54:48.360262,Tomato,28.8,50.7,5.2,74.1,0
2026-06-28 22:09:48.360262,Cucumber,28.1,52.4,5.07,74.0,0
2026-06-28 22:24:48.360262,Cucumber,27.9,50.4,4.72,74.0,0
2026-06-28 22:39:48.360262,Lettuce,28.4,52.5,4.86,73.9,0
2026-06-28 22:54:48.360262,Tomato,27.0,51.8,5.0,73.8,0
2026-06-28 23:09:48.360262,Lettuce,28.2,49.9,4.75,73.6,0
2026-06-28 23:24:48.360262,Tomato,28.5,53.1,4.92,73.5,0
2026-06-28 23:39:48.360262,Cucumber,27.4,50.8,4.29,73.3,0
2026-06-28 23:54:48.360262,Tomato,28.8,50.6,5.21,73.3,0
2026-06-29 00:09:48.360262,Lettuce,28.4,51.8,5.37,73.1,0
2026-06-29 00:24:48.360262,Lettuce,28.1,52.8,5.14,72.9,0
2026-06-29 00:39:48.360262,Lettuce,28.6,50.2,5.68,72.7,0
2026-06-29 00:54:48.360262,Tomato,29.5,51.4,5.2,72.6,0
2026-06-29 01:09:48.360262,Lettuce,28.5,51.8,5.34,72.4,0
2026-06-29 01:24:48.360262,Lettuce,28.5,52.0,5.37,72.2,0
2026-06-29 01:39:48.360262,Lettuce,28.2,51.4,4.17,72.2,0
2026-06-29 01:54:48.360262,Cucumber,28.0,50.6,5.13,72.0,0
2026-06-29 02:09:48.360262,Cucumber,28.9,50.0,4.59,71.9,0
2026-06-29 02:24:48.360262,Tomato,28.1,51.1,4.65,71.7,0
2026-06-29 02:39:48.360262,Tomato,28.6,49.6,4.7,71.6,0
2026-06-29 02:54:48.360262,Lettuce,28.3,47.4,4.91,71.5,0
2026-06-29 03:09:48.360262,Cucumber,28.8,51.3,5.2,71.4,0
2026-06-29 03:24:48.360262,Lettuce,28.8,51.9,5.13,71.2,0
2026-06-29 03:39:48.360262,Lettuce,29.2,47.9,5.0,71.1,0
2026-06-29 03:54:48.360262,Cucumber,28.4,49.5,5.22,70.9,0
2026-06-29 04:09:48.360262,Cucumber,28.5,51.4,5.24,70.8,0
2026-06-29 04:24:48.360262,Cucumber,28.2,53.1,5.13,70.7,0
2026-06-29 04:39:48.360262,Tomato,28.5,50.6,4.48,70.6,0
2026-06-29 04:54:48.360262,Tomato,28.9,49.6,4.78,70.4,0
2026-06-29 05:09:48.360262,Lettuce,29.1,50.2,5.01,70.2,0
2026-06-29 05:24:48.360262,Tomato,28.3,52.1,5.22,70.1,0
2026-06-29 05:39:48.360262,Cucumber,29.2,49.6,4.6,70.0,0
2026-06-29 05:54:48.360262,Cucumber,29.5,49.4,5.0,69.9,0
2026-06-29 06:09:48.360262,Tomato,29.0,49.7,4.53,69.7,0
2026-06-29 06:24:48.360262,Lettuce,29.8,49.2,5.31,69.6,0
2026-06-29 06:39:48.360262,Lettuce,28.5,50.4,5.07,69.5,0
2026-06-29 06:54:48.360262,Tomato,28.3,52.2,4.6,69.4,0
2026-06-29 07:09:48.360262,Lettuce,28.0,50.6,4.59,69.2,0
2026-06-29 07:24:48.360262,Lettuce,29.7,49.9,5.12,69.1,0
2026-06-29 07:39:48.360262,Lettuce,29.2,49.8,5.41,68.9,0
2026-06-29 07:54:48.360262,Cucumber,28.9,48.3,4.67,68.8,0
2026-06-29 08:09:48.360262,Cucumber,29.1,51.2,5.24,68.7,0
2026-06-29 08:24:48.360262,Tomato,28.4,50.0,4.84,68.7,0
2026-06-29 08:39:48.360262,Cucumber,30.2,49.9,5.25,68.6,0
2026-06-29 08:54:48.360262,Lettuce,29.0,53.9,5.2,68.4,0
2026-06-29 09:09:48.360262,Cucumber,29.0,50.4,5.05,68.4,0
2026-06-29 09:24:48.360262,Tomato,29.3,49.1,4.45,68.3,0
2026-06-29 09:39:48.360262,Cucumber,29.2,49.5,5.2,68.1,0
2026-06-29 09:54:48.360262,Lettuce,29.1,51.4,5.15,68.0,0
2026-06-29 10:09:48.360262,Lettuce,28.6,50.2,5.12,67.8,0
2026-06-29 10:24:48.360262,Tomato,29.2,48.3,5.06,67.7,0
2026-06-29 10:39:48.360262,Cucumber,29.9,51.1,4.74,67.6,0
2026-06-29 10:54:48.360262,Cucumber,29.7,49.2,5.32,67.5,0
2026-06-29 11:09:48.360262,Cucumber,29.8,52.2,5.27,67.4,0
2026-06-29 11:24:48.360262,Lettuce,28.7,51.3,4.68,67.4,0
2026-06-29 11:39:48.360262,Tomato,28.5,49.5,5.39,67.3,0
2026-06-29 11:54:48.360262,Cucumber,28.9,51.5,5.04,67.2,0
2026-06-29 12:09:48.360262,Lettuce,29.0,50.1,5.04,67.1,0
2026-06-29 12:24:48.360262,Lettuce,29.5,51.0,4.95,66.9,0
2026-06-29 12:39:48.360262,Lettuce,28.1,50.6,4.98,66.7,0
2026-06-29 12:54:48.360262,Cucumber,29.7,49.0,5.41,66.6,0
2026-06-29 13:09:48.360262,Cucumber,28.9,49.3,5.31,66.5,0
2026-06-29 13:24:48.360262,Cucumber,28.8,51.3,5.3,66.4,0
2026-06-29 13:39:48.360262,Cucumber,28.5,49.7,5.06,66.3,0
2026-06-29 13:54:48.360262,Cucumber,28.1,49.6,5.27,66.2,0
2026-06-29 14:09:48.360262,Cucumber,29.4,49.0,4.75,66.1,0
2026-06-29 14:24:48.360262,Cucumber,29.0,50.6,5.18,66.0,0
2026-06-29 14:39:48.360262,Cucumber,28.3,52.6,4.95,65.9,0
2026-06-29 14:54:48.360262,Cucumber,28.3,48.9,4.38,65.7,0
2026-06-29 15:09:48.360262,Lettuce,28.7,50.2,4.52,65.6,0
2026-06-29 15:24:48.360262,Cucumber,29.7,51.9,4.8,65.4,0
2026-06-29 15:39:48.360262,Tomato,28.7,50.1,5.12,65.3,0
2026-06-29 15:54:48.360262,Lettuce,28.1,50.8,4.8,65.1,0
2026-06-29 16:09:48.360262,Cucumber,28.7,49.0,4.82,64.9,0
2026-06-29 16:24:48.360262,Tomato,28.7,50.8,5.23,64.8,0
2026-06-29 16:39:48.360262,Cucumber,27.5,50.1,4.83,64.7,0
2026-06-29 16:54:48.360262,Tomato,28.8,51.6,5.4,64.6,0
2026-06-29 17:09:48.360262,Tomato,28.7,51.9,5.35,64.4,0
2026-06-29 17:24:48.360262,Tomato,29.1,53.6,5.01,64.2,0
2026-06-29 17:39:48.360262,Tomato,29.7,51.2,5.23,64.2,0
2026-06-29 17:54:48.360262,Lettuce,29.3,50.9,5.19,64.1,0
2026-06-29 18:09:48.360262,Lettuce,28.6,50.8,4.93,63.9,0
2026-06-29 18:24:48.360262,Tomato,28.1,50.2,5.26,63.8,0
2026-06-29 18:39:48.360262,Cucumber,29.9,51.1,5.3,63.7,0
2026-06-29 18:54:48.360262,Tomato,28.7,50.4,4.71,63.5,0
2026-06-29 19:09:48.360262,Lettuce,28.6,51.0,5.05,63.4,0
2026-06-29 19:24:48.360262,Cucumber,28.6,52.4,5.04,63.2,0
2026-06-29 19:39:48.360262,Lettuce,28.7,49.7,5.25,63.0,0
2026-06-29 19:54:48.360262,Lettuce,28.5,52.3,4.87,62.9,0
2026-06-29 20:09:48.360262,Cucumber,28.2,52.6,4.82,62.8,0
2026-06-29 20:24:48.360262,Tomato,28.2,50.9,5.05,62.6,0
2026-06-29 20:39:48.360262,Tomato,28.4,48.6,5.35,62.5,0
2026-06-29 20:54:48.360262,Tomato,28.1,50.4,4.64,62.4,0
2026-06-29 21:09:48.360262,Tomato,28.0,52.8,4.69,62.3,0
2026-06-29 21:24:48.360262,Cucumber,28.4,51.3,4.84,62.2,0
2026-06-29 21:39:48.360262,Cucumber,28.2,50.1,4.9,62.1,0
2026-06-29 21:54:48.360262,Cucumber,29.1,50.8,4.47,62.0,0
2026-06-29 22:09:48.360262,Lettuce,26.9,52.5,5.45,61.9,0
2026-06-29 22:24:48.360262,Cucumber,28.8,52.2,4.96,61.9,0
2026-06-29 22:39:48.360262,Tomato,28.8,51.3,4.92,61.7,0
2026-06-29 22:54:48.360262,Lettuce,27.1,51.2,5.49,61.6,0
2026-06-29 23:09:48.360262,Tomato,28.0,51.3,5.22,61.4,0
2026-06-29 23:24:48.360262,Tomato,27.9,50.7,4.84,61.4,0
2026-06-29 23:39:48.360262,Cucumber,27.4,53.8,5.05,61.3,0
2026-06-29 23:54:48.360262,Cucumber,27.6,51.6,4.99,61.2,0
2026-06-30 00:09:48.360262,Tomato,27.4,53.5,5.43,61.2,0
2026-06-30 00:24:48.360262,Tomato,28.8,53.9,4.95,61.0,0
2026-06-30 00:39:48.360262,Lettuce,28.4,53.4,4.57,60.9,0
2026-06-30 00:54:48.360262,Cucumber,28.5,51.8,4.44,60.8,0
2026-06-30 01:09:48.360262,Lettuce,28.2,52.8,5.44,60.7,0
2026-06-30 01:24:48.360262,Lettuce,27.2,52.4,4.76,60.6,0
2026-06-30 01:39:48.360262,Lettuce,27.5,51.4,5.2,60.5,0
2026-06-30 01:54:48.360262,Tomato,27.9,53.0,5.02,60.4,0
2026-06-30 02:09:48.360262,Lettuce,27.0,51.3,4.88,60.3,0
2026-06-30 02:24:48.360262,Lettuce,28.0,54.2,4.92,60.2,0
2026-06-30 02:39:48.360262,Tomato,27.5,52.3,5.48,60.1,0
2026-06-30 02:54:48.360262,Cucumber,27.3,53.2,4.57,60.0,0
2026-06-30 03:09:48.360262,Cucumber,27.8,53.4,4.88,60.0,0
2026-06-30 03:24:48.360262,Lettuce,27.7,52.8,5.27,59.8,0
2026-06-30 03:39:48.360262,Tomato,27.2,53.9,4.62,59.6,0
2026-06-30 03:54:48.360262,Cucumber,27.9,52.7,5.4,59.5,0
2026-06-30 04:09:48.360262,Lettuce,26.8,54.5,5.27,59.4,0
2026-06-30 04:24:48.360262,Lettuce,27.6,51.9,5.08,59.3,0
2026-06-30 04:39:48.360262,Tomato,27.5,53.7,4.85,59.1,0
2026-06-30 04:54:48.360262,Lettuce,27.0,56.0,4.58,59.0,0
2026-06-30 05:09:48.360262,Cucumber,27.3,52.6,5.21,58.8,0
2026-06-30 05:24:48.360262,Tomato,26.4,53.1,5.82,58.7,0
2026-06-30 05:39:48.360262,Cucumber,27.5,54.6,5.04,58.6,0
2026-06-30 05:54:48.360262,Cucumber,26.9,54.3,4.45,58.5,0
2026-06-30 06:09:48.360262,Cucumber,26.6,54.6,5.14,58.3,0
2026-06-30 06:24:48.360262,Lettuce,27.4,54.9,5.26,58.2,0
2026-06-30 06:39:48.360262,Lettuce,26.4,55.2,4.72,58.1,0
2026-06-30 06:54:48.360262,Cucumber,26.0,55.8,4.81,58.0,0
2026-06-30 07:09:48.360262,Cucumber,25.9,55.1,7.28,57.8,0
2026-06-30 07:24:48.360262,Tomato,26.9,54.4,4.84,57.8,0
2026-06-30 07:39:48.360262,Tomato,25.9,55.6,7.45,57.7,0
2026-06-30 07:54:48.360262,Lettuce,27.4,57.2,4.74,57.6,0
2026-06-30 08:09:48.360262,Lettuce,25.4,54.9,7.13,57.4,0
2026-06-30 08:24:48.360262,Tomato,27.3,54.0,5.05,57.4,0
2026-06-30 08:39:48.360262,Cucumber,26.5,56.6,4.95,57.3,0
2026-06-30 08:54:48.360262,Lettuce,26.3,55.2,4.87,57.1,0
2026-06-30 09:09:48.360262,Cucumber,26.0,52.9,7.52,57.0,0
2026-06-30 09:24:48.360262,Tomato,26.4,56.6,4.54,56.9,0
2026-06-30 09:39:48.360262,Lettuce,26.1,55.1,5.08,56.8,0
2026-06-30 09:54:48.360262,Lettuce,26.6,55.7,4.88,56.7,0
2026-06-30 10:09:48.360262,Tomato,26.1,56.3,5.07,56.5,0
2026-06-30 10:24:48.360262,Lettuce,26.0,56.3,5.12,56.5,0
2026-06-30 10:39:48.360262,Tomato,25.7,57.0,7.84,56.4,0
2026-06-30 10:54:48.360262,Lettuce,25.8,55.8,7.53,56.2,0
2026-06-30 11:09:48.360262,Tomato,26.0,57.0,7.82,56.1,0
2026-06-30 11:24:48.360262,Lettuce,24.9,56.2,7.4,55.9,0
2026-06-30 11:39:48.360262,Cucumber,25.0,57.5,7.42,55.8,0
2026-06-30 11:54:48.360262,Cucumber,26.0,57.5,7.47,55.8,0
2026-06-30 12:09:48.360262,Cucumber,25.6,55.8,7.73,55.6,0
2026-06-30 12:24:48.360262,Lettuce,25.4,58.3,7.69,55.5,0
2026-06-30 12:39:48.360262,Lettuce,25.5,56.5,7.54,55.3,0
2026-06-30 12:54:48.360262,Cucumber,25.6,58.2,7.13,55.1,0
2026-06-30 13:09:48.360262,Cucumber,25.1,57.8,7.68,55.0,0
2026-06-30 13:24:48.360262,Tomato,24.9,59.7,7.24,54.8,0
2026-06-30 13:39:48.360262,Tomato,25.3,57.3,7.23,54.7,0
2026-06-30 13:54:48.360262,Tomato,24.6,57.3,7.16,54.6,0
2026-06-30 14:09:48.360262,Cucumber,25.3,57.8,7.48,54.5,0
2026-06-30 14:24:48.360262,Cucumber,24.2,57.6,7.86,54.4,0
2026-06-30 14:39:48.360262,Cucumber,25.5,59.1,7.21,54.2,0
2026-06-30 14:54:48.360262,Tomato,25.1,56.3,8.0,54.0,0
2026-06-30 15:09:48.360262,Lettuce,25.0,57.1,7.77,53.9,0
2026-06-30 15:24:48.360262,Cucumber,25.3,57.2,7.06,53.8,0
2026-06-30 15:39:48.360262,Lettuce,25.5,59.7,7.39,53.7,0
2026-06-30 15:54:48.360262,Lettuce,25.2,60.8,7.19,53.6,0
2026-06-30 16:09:48.360262,Lettuce,23.7,58.7,7.7,53.4,0
2026-06-30 16:24:48.360262,Tomato,23.9,58.8,7.2,53.3,0
2026-06-30 16:39:48.360262,Lettuce,24.1,59.2,7.01,53.2,0
2026-06-30 16:54:48.360262,Cucumber,24.4,60.6,7.4,53.1,0
2026-06-30 17:09:48.360262,Tomato,24.6,58.2,7.85,52.9,0
2026-06-30 17:24:48.360262,Cucumber,23.9,59.8,7.44,52.8,0
2026-06-30 17:39:48.360262,Cucumber,24.3,60.8,7.62,52.6,0
2026-06-30 17:54:48.360262,Tomato,23.8,60.3,7.63,52.6,0
2026-06-30 18:09:48.360262,Cucumber,23.8,60.1,7.05,52.4,0
2026-06-30 18:24:48.360262,Cucumber,23.3,61.2,7.23,52.3,0
2026-06-30 18:39:48.360262,Tomato,23.5,56.9,7.5,52.2,0
2026-06-30 18:54:48.360262,Cucumber,23.2,61.0,7.33,52.1,0
2026-06-30 19:09:48.360262,Lettuce,23.3,59.6,8.01,52.0,0
2026-06-30 19:24:48.360262,Cucumber,24.3,58.3,7.13,51.8,0
2026-06-30 19:39:48.360262,Lettuce,23.2,61.2,7.23,51.6,0
2026-06-30 19:54:48.360262,Cucumber,25.0,62.4,7.59,51.5,0
2026-06-30 20:09:48.360262,Tomato,23.8,60.7,7.31,51.4,0
2026-06-30 20:24:48.360262,Tomato,23.6,62.1,6.63,51.3,0
2026-06-30 20:39:48.360262,Cucumber,23.0,63.0,8.08,51.2,0
2026-06-30 20:54:48.360262,Tomato,23.7,62.8,7.18,51.2,0
2026-06-30 21:09:48.360262,Cucumber,23.0,63.3,7.67,51.1,0
2026-06-30 21:24:48.360262,Tomato,23.3,62.4,7.12,50.9,0
2026-06-30 21:39:48.360262,Lettuce,24.5,61.7,7.24,50.8,0
2026-06-30 21:54:48.360262,Cucumber,23.1,59.8,7.01,50.6,0
2026-06-30 22:09:48.360262,Lettuce,23.7,61.5,7.28,50.5,0
2026-06-30 22:24:48.360262,Lettuce,22.7,61.0,7.31,50.4,0
2026-06-30 22:39:48.360262,Cucumber,22.9,64.7,7.46,50.4,0
2026-06-30 22:54:48.360262,Lettuce,23.8,62.0,7.39,50.2,0
2026-06-30 23:09:48.360262,Cucumber,22.5,62.5,7.07,50.1,0
2026-06-30 23:24:48.360262,Lettuce,23.7,63.1,7.34,50.0,0
2026-06-30 23:39:48.360262,Cucumber,23.1,62.6,7.93,49.9,0
2026-06-30 23:54:48.360262,Cucumber,22.4,64.7,7.9,49.7,0
2026-07-01 00:09:48.360262,Tomato,22.9,62.1,7.64,49.6,0
2026-07-01 00:24:48.360262,Cucumber,23.0,63.2,7.7,49.5,0
2026-07-01 00:39:48.360262,Cucumber,22.8,62.2,8.12,49.3,0
2026-07-01 00:54:48.360262,Lettuce,21.6,61.6,5.17,49.2,0
2026-07-01 01:09:48.360262,Cucumber,22.0,62.6,5.19,49.0,0
2026-07-01 01:24:48.360262,Tomato,22.2,63.4,7.03,48.9,0
2026-07-01 01:39:48.360262,Lettuce,22.2,63.0,7.17,48.7,0
2026-07-01 01:54:48.360262,Lettuce,22.5,62.8,7.49,48.6,0
2026-07-01 02:09:48.360262,Tomato,22.2,62.1,7.26,48.5,0
2026-07-01 02:24:48.360262,Lettuce,21.4,63.8,4.7,48.3,0
2026-07-01 02:39:48.360262,Lettuce,22.2,62.2,7.24,48.2,0
2026-07-01 02:54:48.360262,Lettuce,22.2,65.0,7.07,48.0,0
2026-07-01 03:09:48.360262,Lettuce,22.2,64.3,7.26,48.0,0
2026-07-01 03:24:48.360262,Tomato,22.4,62.6,7.6,47.9,0
2026-07-01 03:39:48.360262,Tomato,22.2,64.1,8.04,47.7,0
2026-07-01 03:54:48.360262,Lettuce,21.9,63.7,5.24,47.5,0
2026-07-01 04:09:48.360262,Lettuce,21.6,65.1,5.19,47.4,0
2026-07-01 04:24:48.360262,Tomato,20.8,66.4,4.51,47.2,0
2026-07-01 04:39:48.360262,Tomato,21.8,62.7,5.04,47.1,0
2026-07-01 04:54:48.360262,Tomato,21.6,65.2,4.98,46.9,0
2026-07-01 05:09:48.360262,Lettuce,21.6,64.9,5.09,46.7,0
2026-07-01 05:24:48.360262,Lettuce,20.7,66.0,4.89,46.6,0
2026-07-01 05:39:48.360262,Cucumber,20.8,65.6,5.5,46.4,0
2026-07-01 05:54:48.360262,Tomato,21.8,64.5,5.02,46.4,0
2026-07-01 06:09:48.360262,Lettuce,21.2,65.2,5.05,46.2,0
2026-07-01 06:24:48.360262,Tomato,21.5,64.7,4.41,46.1,0
2026-07-01 06:39:48.360262,Lettuce,21.1,67.0,4.97,46.0,0
2026-07-01 06:54:48.360262,Tomato,21.1,65.9,5.34,45.9,0
2026-07-01 07:09:48.360262,Lettuce,21.5,68.2,5.17,45.8,0
2026-07-01 07:24:48.360262,Cucumber,20.7,66.0,4.35,45.7,0
2026-07-01 07:39:48.360262,Cucumber,21.0,65.3,4.87,45.7,0
2026-07-01 07:54:48.360262,Tomato,20.6,64.4,5.52,45.5,0
2026-07-01 08:09:48.360262,Lettuce,20.6,64.2,4.95,45.4,0
2026-07-01 08:24:48.360262,Lettuce,20.6,64.6,5.1,45.2,0
2026-07-01 08:39:48.360262,Tomato,20.8,66.9,5.49,45.1,0
2026-07-01 08:54:48.360262,Lettuce,20.4,67.3,4.95,45.1,0
2026-07-01 09:09:48.360262,Tomato,21.3,64.8,5.24,80.0,1
2026-07-01 09:24:48.360262,Lettuce,20.1,67.9,5.12,79.9,1
2026-07-01 09:39:48.360262,Tomato,20.4,66.3,5.19,79.7,1
2026-07-01 09:54:48.360262,Lettuce,20.3,67.2,5.11,79.6,1
2026-07-01 10:09:48.360262,Tomato,21.2,69.0,4.84,79.4,1
2026-07-01 10:24:48.360262,Lettuce,20.5,68.3,4.87,79.3,1
2026-07-01 10:39:48.360262,Cucumber,20.9,67.0,4.74,79.2,1
2026-07-01 10:54:48.360262,Lettuce,19.6,66.3,4.51,79.1,1
2026-07-01 11:09:48.360262,Tomato,20.4,64.9,5.37,78.9,1
2026-07-01 11:24:48.360262,Cucumber,20.7,66.7,5.0,78.7,1
2026-07-01 11:39:48.360262,Lettuce,20.2,67.4,5.36,78.6,1
2026-07-01 11:54:48.360262,Cucumber,20.7,66.5,5.47,78.5,1
2026-07-01 12:09:48.360262,Lettuce,19.9,67.6,5.02,78.5,1
2026-07-01 12:24:48.360262,Cucumber,20.8,67.9,4.61,78.3,1
2026-07-01 12:39:48.360262,Tomato,21.2,67.7,4.94,78.2,1
2026-07-01 12:54:48.360262,Lettuce,19.8,67.2,4.8,78.1,1
2026-07-01 13:09:48.360262,Lettuce,19.7,68.3,4.41,78.0,0
2026-07-01 13:24:48.360262,Tomato,20.7,68.7,4.85,77.8,0
2026-07-01 13:39:48.360262,Cucumber,20.7,66.9,4.98,77.7,0
2026-07-01 13:54:48.360262,Tomato,19.6,70.0,4.81,77.5,0
2026-07-01 14:09:48.360262,Tomato,19.6,68.2,4.77,77.3,0
2026-07-01 14:24:48.360262,Cucumber,19.6,68.5,4.62,77.3,0
2026-07-01 14:39:48.360262,Tomato,19.1,69.3,5.06,77.2,0
2026-07-01 14:54:48.360262,Lettuce,19.3,68.8,5.56,77.0,0
2026-07-01 15:09:48.360262,Lettuce,19.2,69.8,5.38,76.9,0
2026-07-01 15:24:48.360262,Lettuce,19.3,69.0,5.2,76.8,0
2026-07-01 15:39:48.360262,Tomato,19.6,68.0,5.2,76.8,0
2026-07-01 15:54:48.360262,Lettuce,19.7,69.2,4.96,76.7,0
2026-07-01 16:09:48.360262,Lettuce,20.3,67.5,4.46,76.6,0
2026-07-01 16:24:48.360262,Lettuce,19.0,69.1,4.89,76.4,0
2026-07-01 16:39:48.360262,Lettuce,20.0,68.9,4.71,76.4,0
2026-07-01 16:54:48.360262,Lettuce,19.4,68.8,5.05,76.2,0
2026-07-01 17:09:48.360262,Lettuce,19.4,68.9,5.37,76.2,0
2026-07-01 17:24:48.360262,Tomato,19.8,66.9,5.59,76.0,0
2026-07-01 17:39:48.360262,Lettuce,18.8,68.5,5.02,75.9,0
2026-07-01 17:54:48.360262,Lettuce,19.6,69.4,4.5,75.7,0
2026-07-01 18:09:48.360262,Cucumber,19.4,69.5,5.02,75.6,0
2026-07-01 18:24:48.360262,Tomato,19.6,68.1,5.03,75.5,0
2026-07-01 18:39:48.360262,Tomato,19.5,70.9,5.2,75.3,0
2026-07-01 18:54:48.360262,Tomato,20.5,68.4,4.99,75.1,0
2026-07-01 19:09:48.360262,Tomato,18.9,70.6,5.02,74.9,0
2026-07-01 19:24:48.360262,Lettuce,19.0,70.0,4.81,74.7,0
2026-07-01 19:39:48.360262,Lettuce,18.9,68.8,4.91,74.6,0
2026-07-01 19:54:48.360262,Cucumber,18.9,71.7,5.15,74.5,0
2026-07-01 20:09:48.360262,Cucumber,18.9,68.2,4.4,74.4,0
2026-07-01 20:24:48.360262,Tomato,19.8,70.8,4.9,74.4,0
2026-07-01 20:39:48.360262,Cucumber,19.9,70.9,5.21,74.2,0
2026-07-01 20:54:48.360262,Cucumber,18.9,68.9,5.49,74.1,0
2026-07-01 21:09:48.360262,Tomato,18.7,71.4,4.88,73.9,0
2026-07-01 21:24:48.360262,Tomato,19.4,69.5,5.36,73.7,0
2026-07-01 21:39:48.360262,Cucumber,18.8,70.1,5.51,73.6,0
2026-07-01 21:54:48.360262,Lettuce,19.4,70.1,4.88,73.4,0
2026-07-01 22:09:48.360262,Cucumber,19.2,69.7,4.83,73.3,0
2026-07-01 22:24:48.360262,Cucumber,18.3,70.8,4.95,73.2,0
2026-07-01 22:39:48.360262,Lettuce,19.8,70.8,4.98,73.1,0
2026-07-01 22:54:48.360262,Lettuce,19.9,67.8,5.33,73.0,0
2026-07-01 23:09:48.360262,Tomato,18.7,71.5,4.77,73.0,0
2026-07-01 23:24:48.360262,Tomato,18.8,67.9,5.46,72.9,0
2026-07-01 23:39:48.360262,Cucumber,19.2,71.2,4.76,72.7,0
2026-07-01 23:54:48.360262,Lettuce,19.2,71.3,4.62,72.6,0
2026-07-02 00:09:48.360262,Tomato,19.3,68.7,5.16,72.5,0
2026-07-02 00:24:48.360262,Cucumber,20.0,69.5,5.37,72.3,0
2026-07-02 00:39:48.360262,Lettuce,18.9,68.7,5.05,72.2,0
2026-07-02 00:54:48.360262,Cucumber,18.6,69.7,5.13,72.2,0
2026-07-02 01:09:48.360262,Tomato,18.3,69.6,5.59,72.0,0
2026-07-02 01:24:48.360262,Tomato,18.6,70.9,5.37,71.9,0
2026-07-02 01:39:48.360262,Lettuce,19.0,71.6,5.01,71.7,0
2026-07-02 01:54:48.360262,Cucumber,19.9,71.7,4.87,71.7,0
2026-07-02 02:09:48.360262,Lettuce,18.7,69.3,5.33,71.5,0
2026-07-02 02:24:48.360262,Tomato,19.1,69.7,5.25,71.4,0
2026-07-02 02:39:48.360262,Tomato,19.0,68.0,5.13,71.2,0
2026-07-02 02:54:48.360262,Cucumber,19.6,69.0,4.9,71.1,0
2026-07-02 03:09:48.360262,Cucumber,20.3,71.1,4.98,70.9,0
2026-07-02 03:24:48.360262,Cucumber,18.8,71.9,4.96,70.8,0
2026-07-02 03:39:48.360262,Lettuce,18.8,68.5,4.91,70.6,0
2026-07-02 03:54:48.360262,Cucumber,19.6,69.2,4.82,70.4,0
2026-07-02 04:09:48.360262,Cucumber,19.4,69.9,5.08,70.3,0
2026-07-02 04:24:48.360262,Tomato,20.0,70.2,4.81,70.1,0
2026-07-02 04:39:48.360262,Tomato,19.3,68.9,5.05,70.0,0
2026-07-02 04:54:48.360262,Cucumber,18.9,70.4,4.37,69.9,0
2026-07-02 05:09:48.360262,Cucumber,19.4,69.3,4.82,69.8,0
2026-07-02 05:24:48.360262,Tomato,19.6,69.8,5.33,69.7,0
2026-07-02 05:39:48.360262,Cucumber,19.5,70.5,4.73,69.5,0
2026-07-02 05:54:48.360262,Lettuce,19.4,69.8,5.18,69.3,0
2026-07-02 06:09:48.360262,Lettuce,19.7,69.2,4.75,69.2,0
2026-07-02 06:24:48.360262,Lettuce,19.7,69.6,5.23,69.0,0
2026-07-02 06:39:48.360262,Cucumber,19.8,69.6,4.91,69.0,0
2026-07-02 06:54:48.360262,Tomato,19.5,69.2,4.9,68.8,0
2026-07-02 07:09:48.360262,Cucumber,19.1,69.3,5.02,68.6,0
2026-07-02 07:24:48.360262,Cucumber,19.3,71.5,4.6,68.4,0
2026-07-02 07:39:48.360262,Tomato,19.8,70.2,5.29,68.2,0
2026-07-02 07:54:48.360262,Tomato,18.8,69.2,5.39,68.1,0
2026-07-02 08:09:48.360262,Tomato,19.4,70.3,4.89,67.9,0
2026-07-02 08:24:48.360262,Lettuce,19.1,69.0,5.16,67.9,0
2026-07-02 08:39:48.360262,Cucumber,19.3,70.8,5.23,67.8,0
2026-07-02 08:54:48.360262,Tomato,20.0,69.8,4.97,67.6,0
2026-07-02 09:09:48.360262,Cucumber,19.4,69.2,4.67,67.5,0
2026-07-02 09:24:48.360262,Lettuce,19.4,69.8,5.48,67.4,0
2026-07-02 09:39:48.360262,Lettuce,18.7,67.3,4.88,67.2,0
2026-07-02 09:54:48.360262,Tomato,19.8,67.8,4.82,67.1,0
2026-07-02 10:09:48.360262,Tomato,19.8,67.7,5.49,67.0,0
2026-07-02 10:24:48.360262,Cucumber,20.6,69.2,5.18,66.8,0
2026-07-02 10:39:48.360262,Tomato,19.3,71.1,5.08,66.7,0
2026-07-02 10:54:48.360262,Cucumber,19.6,71.6,4.71,66.5,0
2026-07-02 11:09:48.360262,Tomato,19.7,69.7,5.24,66.4,0
2026-07-02 11:24:48.360262,Cucumber,20.4,69.4,5.87,66.4,0
2026-07-02 11:39:48.360262,Cucumber,19.6,66.6,5.26,66.2,0
2026-07-02 11:54:48.360262,Cucumber,19.8,68.1,5.15,66.1,0
2026-07-02 12:09:48.360262,Cucumber,20.0,67.7,5.22,66.0,0
2026-07-02 12:24:48.360262,Lettuce,19.8,67.8,4.9,65.8,0
2026-07-02 12:39:48.360262,Cucumber,19.5,68.3,4.9,65.7,0
2026-07-02 12:54:48.360262,Tomato,19.9,67.9,4.89,65.6,0
2026-07-02 13:09:48.360262,Lettuce,20.3,66.0,4.83,65.4,0
2026-07-02 13:24:48.360262,Lettuce,19.3,69.2,4.89,65.3,0
2026-07-02 13:39:48.360262,Cucumber,19.9,67.0,4.89,65.3,0
2026-07-02 13:54:48.360262,Lettuce,19.6,68.5,4.93,65.1,0
2026-07-02 14:09:48.360262,Cucumber,20.5,70.6,4.92,65.0,0
2026-07-02 14:24:48.360262,Tomato,19.2,66.9,5.07,64.8,0
2026-07-02 14:39:48.360262,Cucumber,19.7,64.9,5.02,64.6,0
2026-07-02 14:54:48.360262,Lettuce,20.3,67.5,5.05,64.5,0
2026-07-02 15:09:48.360262,Tomato,20.9,69.1,5.46,64.3,0
2026-07-02 15:24:48.360262,Cucumber,20.1,70.1,5.02,64.1,0
2026-07-02 15:39:48.360262,Tomato,19.9,66.2,5.66,64.0,0
2026-07-02 15:54:48.360262,Tomato,21.2,68.1,5.11,63.9,0
2026-07-02 16:09:48.360262,Lettuce,19.5,66.9,4.87,63.8,0
2026-07-02 16:24:48.360262,Tomato,19.2,67.3,5.4,63.7,0
2026-07-02 16:39:48.360262,Lettuce,20.6,70.5,4.98,63.6,0
2026-07-02 16:54:48.360262,Tomato,20.1,65.4,4.28,63.4,0
2026-07-02 17:09:48.360262,Cucumber,19.9,67.4,5.0,63.3,0
2026-07-02 17:24:48.360262,Tomato,20.8,67.6,4.93,63.1,0
2026-07-02 17:39:48.360262,Cucumber,20.7,68.2,5.48,63.0,0
2026-07-02 17:54:48.360262,Cucumber,20.3,67.0,4.73,63.0,0
2026-07-02 18:09:48.360262,Tomato,20.0,67.1,4.9,62.9,0
2026-07-02 18:24:48.360262,Cucumber,21.1,66.2,5.38,62.8,0
2026-07-02 18:39:48.360262,Tomato,21.0,66.9,5.12,62.7,0
2026-07-02 18:54:48.360262,Tomato,20.7,66.1,4.95,62.6,0
2026-07-02 19:09:48.360262,Cucumber,21.7,67.1,4.77,62.4,0
2026-07-02 19:24:48.360262,Cucumber,20.3,65.8,5.11,62.2,0
2026-07-02 19:39:48.360262,Lettuce,20.1,66.6,4.99,62.1,0
2026-07-02 19:54:48.360262,Cucumber,20.6,66.0,4.77,62.0,0
2026-07-02 20:09:48.360262,Lettuce,21.0,67.3,4.79,61.8,0
2026-07-02 20:24:48.360262,Cucumber,21.2,65.8,4.76,61.6,0
2026-07-02 20:39:48.360262,Tomato,21.0,63.7,4.7,61.6,0
2026-07-02 20:54:48.360262,Cucumber,21.3,67.2,5.28,61.4,0
2026-07-02 21:09:48.360262,Tomato,20.6,64.5,5.24,61.3,0
2026-07-02 21:24:48.360262,Tomato,22.0,64.7,5.28,61.1,0
2026-07-02 21:39:48.360262,Tomato,21.3,64.6,5.0,60.9,0
2026-07-02 21:54:48.360262,Lettuce,21.9,66.9,4.93,60.9,0
2026-07-02 22:09:48.360262,Cucumber,21.6,62.6,4.93,60.7,0
2026-07-02 22:24:48.360262,Tomato,21.7,68.8,5.31,60.6,0
2026-07-02 22:39:48.360262,Tomato,21.8,66.2,4.45,60.4,0
2026-07-02 22:54:48.360262,Lettuce,21.8,65.1,4.85,60.2,0
2026-07-02 23:09:48.360262,Cucumber,22.0,64.6,4.73,60.1,0
2026-07-02 23:24:48.360262,Cucumber,22.4,64.9,7.91,60.0,0
2026-07-02 23:39:48.360262,Lettuce,21.9,65.1,4.86,59.9,0
2026-07-02 23:54:48.360262,Lettuce,22.2,65.1,7.01,59.8,0
2026-07-03 00:09:48.360262,Cucumber,21.8,64.9,5.07,59.6,0
2026-07-03 00:24:48.360262,Lettuce,22.6,64.3,7.39,59.5,0
2026-07-03 00:39:48.360262,Cucumber,21.6,63.8,4.83,59.3,0
2026-07-03 00:54:48.360262,Cucumber,22.9,63.7,7.3,59.1,0
2026-07-03 01:09:48.360262,Tomato,22.1,63.6,7.29,59.0,0
2026-07-03 01:24:48.360262,Tomato,21.4,65.0,5.21,58.9,0
2026-07-03 01:39:48.360262,Cucumber,22.3,64.3,7.57,58.9,0
2026-07-03 01:54:48.360262,Cucumber,21.9,59.9,4.94,58.8,0
2026-07-03 02:09:48.360262,Cucumber,22.8,64.1,7.17,58.7,0
2026-07-03 02:24:48.360262,Cucumber,22.1,63.4,7.45,58.6,0
2026-07-03 02:39:48.360262,Cucumber,22.2,63.1,7.58,58.5,0
2026-07-03 02:54:48.360262,Cucumber,21.6,62.5,5.09,58.4,0
2026-07-03 03:09:48.360262,Lettuce,22.3,64.2,7.55,58.4,0
2026-07-03 03:24:48.360262,Cucumber,21.4,63.9,4.72,58.3,0
2026-07-03 03:39:48.360262,Lettuce,21.9,61.7,4.28,58.1,0
2026-07-03 03:54:48.360262,Lettuce,23.1,63.0,8.04,57.9,0
2026-07-03 04:09:48.360262,Cucumber,23.2,61.2,7.11,57.7,0
2026-07-03 04:24:48.360262,Cucumber,23.1,60.6,6.91,57.6,0
2026-07-03 04:39:48.360262,Lettuce,22.5,61.4,7.54,57.5,0
2026-07-03 04:54:48.360262,Lettuce,23.0,63.0,6.99,57.4,0
2026-07-03 05:09:48.360262,Cucumber,23.1,63.0,7.26,57.3,0
2026-07-03 05:24:48.360262,Cucumber,22.5,62.4,7.66,57.2,0
2026-07-03 05:39:48.360262,Lettuce,23.9,62.5,8.03,57.1,0
2026-07-03 05:54:48.360262,Lettuce,23.7,62.1,7.62,57.0,0
2026-07-03 06:09:48.360262,Lettuce,23.2,60.6,7.37,56.9,0
2026-07-03 06:24:48.360262,Tomato,23.4,61.8,7.48,56.8,0
2026-07-03 06:39:48.360262,Lettuce,23.5,62.1,6.96,56.7,0
2026-07-03 06:54:48.360262,Tomato,22.5,61.9,7.36,56.6,0
2026-07-03 07:09:48.360262,Cucumber,23.4,62.3,7.37,56.5,0
2026-07-03 07:24:48.360262,Cucumber,23.3,61.6,7.55,56.3,0
2026-07-03 07:39:48.360262,Lettuce,23.2,61.1,8.08,56.3,0
2026-07-03 07:54:48.360262,Cucumber,23.6,61.8,6.92,56.2,0
2026-07-03 08:09:48.360262,Cucumber,24.7,60.3,7.38,56.0,0
2026-07-03 08:24:48.360262,Cucumber,24.2,59.2,6.95,55.9,0
2026-07-03 08:39:48.360262,Cucumber,23.7,59.9,7.35,55.9,0
2026-07-03 08:54:48.360262,Tomato,24.3,59.1,7.24,55.7,0